"","sample_location","longitude","latitude","date","DO","water_temp_C","water_temp_F","specific_conductivity","discharge","year"
"1","Monitoring Site 1","51.47.40 N","117.25.31 W",1990-01-15,12.3,0.3,32.54,80,35,1990
"2","Monitoring Site 1","51.47.40 N","117.25.31 W",1990-02-01,12.3,0.4,NA,82,27,1990
"3","Monitoring Site 1","51.47.40 N","117.25.31 W",1990-03-15,12.3,0.4,NA,93,20,1990
"4","Monitoring Site 1","51.47.40 N","117.25.31 W",1990-04-12,11.9,0.5,NA,85,26,1990
"5","Monitoring Site 1","51.47.40 N","117.25.31 W",1990-05-11,11.8,4,NA,110,100,1990
"6","Monitoring Site 1","51.47.40 N","117.25.31 W",1990-06-15,10.9,5.9,NA,180,261,1990
"7","Monitoring Site 1","51.47.40 N","117.25.31 W",1990-07-08,9,11.3,NA,153,195,1990
"8","Monitoring Site 1","51.47.40 N","117.25.31 W",1990-08-18,7.8,15,NA,89,48,1990
"9","Monitoring Site 1","51.47.40 N","117.25.31 W",1990-09-14,8.5,10,NA,78,22,1990
"10","Monitoring Site 1","51.47.40 N","117.25.31 W",1990-10-09,11.8,3.6,NA,80,36,1990
"11","Monitoring Site 1","51.47.40 N","117.25.31 W",1990-11-04,11.8,3.5,NA,92,78,1990
"12","Monitoring Site 1","51.47.40 N","117.25.31 W",1990-12-15,12,1,NA,80,42,1990
"13","Monitoring Site 1","51.47.40 N","117.25.31 W",1991-01-10,12.3,0.3,NA,81,34,1991
"14","Monitoring Site 1","51.47.40 N","117.25.31 W",1991-02-01,12.2,0.5,NA,79,28,1991
"15","Monitoring Site 1","51.47.40 N","117.25.31 W",1991-03-15,12.3,0.4,NA,93,20,1991
"16","Monitoring Site 1","51.47.40 N","117.25.31 W",1991-04-12,12.3,0.4,NA,84,25,1991
"17","Monitoring Site 1","51.47.40 N","117.25.31 W",1991-05-11,11.9,4.2,NA,109,101,1991
"18","Monitoring Site 1","51.47.40 N","117.25.31 W",1991-06-15,10.9,5.9,NA,175,260,1991
"19","Monitoring Site 1","51.47.40 N","117.25.31 W",1991-07-08,9,11.4,NA,150,194,1991
"20","Monitoring Site 1","51.47.40 N","117.25.31 W",1991-08-18,7.2,15.2,NA,88,44,1991
"21","Monitoring Site 1","51.47.40 N","117.25.31 W",1991-09-14,8.4,10.2,NA,75,22,1991
"22","Monitoring Site 1","51.47.40 N","117.25.31 W",1991-10-09,11.8,3.65,NA,81,35,1991
"23","Monitoring Site 1","51.47.40 N","117.25.31 W",1991-11-04,11.9,3.55,NA,92,77,1991
"24","Monitoring Site 1","51.47.40 N","117.25.31 W",1991-12-15,12,1.3,NA,81,44,1991
"25","Monitoring Site 1","51.47.40 N","117.25.31 W",1992-01-17,12.2,0.35,NA,82,33,1992
"26","Monitoring Site 1","51.47.40 N","117.25.31 W",1992-02-01,12,0.45,NA,81,29,1992
"27","Monitoring Site 1","51.47.40 N","117.25.31 W",1992-03-15,12.1,0.47,NA,93,20,1992
"28","Monitoring Site 1","51.47.40 N","117.25.31 W",1992-04-12,12.1,4.3,NA,84,25,1992
"29","Monitoring Site 1","51.47.40 N","117.25.31 W",1992-05-11,10.8,6,NA,110,108,1992
"30","Monitoring Site 1","51.47.40 N","117.25.31 W",1992-06-15,9,11.4,NA,182,265,1992
"31","Monitoring Site 1","51.47.40 N","117.25.31 W",1992-07-08,7.1,15.5,NA,152,195,1992
"32","Monitoring Site 1","51.47.40 N","117.25.31 W",1992-08-18,8.4,10.3,NA,88,44,1992
"33","Monitoring Site 1","51.47.40 N","117.25.31 W",1992-09-14,11.7,3.7,NA,76,23,1992
"34","Monitoring Site 1","51.47.40 N","117.25.31 W",1992-10-09,11.8,3.6,NA,82,36,1992
"35","Monitoring Site 1","51.47.40 N","117.25.31 W",1992-11-04,11.9,1.4,NA,93,79,1992
"36","Monitoring Site 1","51.47.40 N","117.25.31 W",1992-12-15,12.3,0.37,NA,90,42,1992
"37","Monitoring Site 1","51.47.40 N","117.25.31 W",1993-01-12,12,0.37,NA,83,30,1993
"38","Monitoring Site 1","51.47.40 N","117.25.31 W",1993-02-01,11.8,0.47,NA,80,25,1993
"39","Monitoring Site 1","51.47.40 N","117.25.31 W",1993-03-15,11.7,0.48,NA,96,19,1993
"40","Monitoring Site 1","51.47.40 N","117.25.31 W",1993-04-12,11.8,4.7,NA,95,22,1993
"41","Monitoring Site 1","51.47.40 N","117.25.31 W",1993-05-11,10.7,6.2,NA,115,101,1993
"42","Monitoring Site 1","51.47.40 N","117.25.31 W",1993-06-15,8.9,11.5,NA,185,260,1993
"43","Monitoring Site 1","51.47.40 N","117.25.31 W",1993-07-08,7,15.6,NA,155,190,1993
"44","Monitoring Site 1","51.47.40 N","117.25.31 W",1993-08-18,8.2,10.5,NA,83,40,1993
"45","Monitoring Site 1","51.47.40 N","117.25.31 W",1993-09-14,11.5,3.8,NA,93,20,1993
"46","Monitoring Site 1","51.47.40 N","117.25.31 W",1993-10-09,11.5,3.65,NA,85,30,1993
"47","Monitoring Site 1","51.47.40 N","117.25.31 W",1993-11-04,11.7,1.6,NA,89,72,1993
"48","Monitoring Site 1","51.47.40 N","117.25.31 W",1993-12-15,11.8,0.4,NA,85,40,1993
"49","Monitoring Site 1","51.47.40 N","117.25.31 W",1994-01-14,11.8,0.4,NA,83,28,1994
"50","Monitoring Site 1","51.47.40 N","117.25.31 W",1994-02-01,11.8,0.4,NA,80,22,1994
"51","Monitoring Site 1","51.47.40 N","117.25.31 W",1994-03-15,11.7,0.5,NA,96,18,1994
"52","Monitoring Site 1","51.47.40 N","117.25.31 W",1994-04-12,11.8,0.47,NA,95,92,1994
"53","Monitoring Site 1","51.47.40 N","117.25.31 W",1994-05-11,10.6,6.3,NA,115,250,1994
"54","Monitoring Site 1","51.47.40 N","117.25.31 W",1994-06-15,8.4,11.6,NA,185,180,1994
"55","Monitoring Site 1","51.47.40 N","117.25.31 W",1994-07-08,6.9,15.8,NA,155,120,1994
"56","Monitoring Site 1","51.47.40 N","117.25.31 W",1994-08-18,8,10.8,NA,83,45,1994
"57","Monitoring Site 1","51.47.40 N","117.25.31 W",1994-09-14,11.2,4,NA,93,22,1994
"58","Monitoring Site 1","51.47.40 N","117.25.31 W",1994-10-09,11.4,3.7,NA,85,28,1994
"59","Monitoring Site 1","51.47.40 N","117.25.31 W",1994-11-04,10.5,1.8,NA,89,68,1994
"60","Monitoring Site 1","51.47.40 N","117.25.31 W",1994-12-15,11.5,0.6,NA,85,38,1994
"61","Monitoring Site 1","51.47.40 N","117.25.31 W",1995-01-17,11.5,0.6,NA,83,25,1995
"62","Monitoring Site 1","51.47.40 N","117.25.31 W",1995-02-01,11.3,0.7,NA,81,26,1995
"63","Monitoring Site 1","51.47.40 N","117.25.31 W",1995-03-15,11.25,0.75,NA,85,32,1995
"64","Monitoring Site 1","51.47.40 N","117.25.31 W",1995-04-12,10.8,4.9,NA,96,95,1995
"65","Monitoring Site 1","51.47.40 N","117.25.31 W",1995-05-11,105,6.4,NA,122,275,1995
"66","Monitoring Site 1","51.47.40 N","117.25.31 W",1995-06-15,8.3,11.9,NA,180,170,1995
"67","Monitoring Site 1","51.47.40 N","117.25.31 W",1995-07-08,6.5,16,NA,150,115,1995
"68","Monitoring Site 1","51.47.40 N","117.25.31 W",1995-08-18,8.2,11,NA,80,40,1995
"69","Monitoring Site 1","51.47.40 N","117.25.31 W",1995-09-14,11,4.2,NA,93,20,1995
"70","Monitoring Site 1","51.47.40 N","117.25.31 W",1995-10-09,9.8,3.9,NA,92,25,1995
"71","Monitoring Site 1","51.47.40 N","117.25.31 W",1995-11-04,11,1.9,NA,88,65,1995
"72","Monitoring Site 1","51.47.40 N","117.25.31 W",1995-12-15,11.3,0.7,NA,85,38,1995
"73","Monitoring Site 1","51.47.40 N","117.25.31 W",1996-01-11,11.3,0.7,NA,83,24,1996
"74","Monitoring Site 1","51.47.40 N","117.25.31 W",1996-02-01,11.3,0.8,NA,83,22,1996
"75","Monitoring Site 1","51.47.40 N","117.25.31 W",1996-03-15,11,0.85,NA,81,40,1996
"76","Monitoring Site 1","51.47.40 N","117.25.31 W",1996-04-12,10.7,5.2,NA,98,101,1996
"77","Monitoring Site 1","51.47.40 N","117.25.31 W",1996-05-11,10.4,6.6,NA,135,280,1996
"78","Monitoring Site 1","51.47.40 N","117.25.31 W",1996-06-15,8,12,NA,170,160,1996
"79","Monitoring Site 1","51.47.40 N","117.25.31 W",1996-07-08,6.6,15.9,NA,145,110,1996
"80","Monitoring Site 1","51.47.40 N","117.25.31 W",1996-08-18,8,11.5,NA,85,38,1996
"81","Monitoring Site 1","51.47.40 N","117.25.31 W",1996-09-14,10.5,4.5,NA,93,19,1996
"82","Monitoring Site 1","51.47.40 N","117.25.31 W",1996-10-09,10,4,NA,91,24,1996
"83","Monitoring Site 1","51.47.40 N","117.25.31 W",1996-11-04,10.9,2,NA,85,60,1996
"84","Monitoring Site 1","51.47.40 N","117.25.31 W",1996-12-15,11,0.9,NA,80,33,1996
"85","Monitoring Site 1","51.47.40 N","117.25.31 W",1997-01-09,11,0.9,NA,91,24,1997
"86","Monitoring Site 1","51.47.40 N","117.25.31 W",1997-02-01,11,0.9,NA,90,26,1997
"87","Monitoring Site 1","51.47.40 N","117.25.31 W",1997-03-15,11,0.9,NA,95,56,1997
"88","Monitoring Site 1","51.47.40 N","117.25.31 W",1997-04-12,10.5,5.5,NA,101,115,1997
"89","Monitoring Site 1","51.47.40 N","117.25.31 W",1997-05-11,10.2,6.6,NA,134,275,1997
"90","Monitoring Site 1","51.47.40 N","117.25.31 W",1997-06-15,7.8,12.2,NA,160,150,1997
"91","Monitoring Site 1","51.47.40 N","117.25.31 W",1997-07-08,6.6,15.8,NA,140,100,1997
"92","Monitoring Site 1","51.47.40 N","117.25.31 W",1997-08-18,7.9,11.6,NA,80,35,1997
"93","Monitoring Site 1","51.47.40 N","117.25.31 W",1997-09-14,10.4,4.7,NA,93,18,1997
"94","Monitoring Site 1","51.47.40 N","117.25.31 W",1997-10-09,10.8,4.2,NA,90,22,1997
"95","Monitoring Site 1","51.47.40 N","117.25.31 W",1997-11-04,10.9,2.3,NA,80,50,1997
"96","Monitoring Site 1","51.47.40 N","117.25.31 W",1997-12-15,11.8,1,NA,75,30,1997
"97","Monitoring Site 1","51.47.40 N","117.25.31 W",1998-01-18,11.9,0.98,NA,92,24,1998
"98","Monitoring Site 1","51.47.40 N","117.25.31 W",1998-02-01,12,1.2,NA,91,25,1998
"99","Monitoring Site 1","51.47.40 N","117.25.31 W",1998-03-15,12,1.2,NA,97,62,1998
"100","Monitoring Site 1","51.47.40 N","117.25.31 W",1998-04-12,10.5,5.6,NA,101,112,1998
"101","Monitoring Site 1","51.47.40 N","117.25.31 W",1998-05-11,10.3,6.8,NA,135,270,1998
"102","Monitoring Site 1","51.47.40 N","117.25.31 W",1998-06-15,7.9,12.5,NA,155,140,1998
"103","Monitoring Site 1","51.47.40 N","117.25.31 W",1998-07-08,6.5,15.9,NA,90,89,1998
"104","Monitoring Site 1","51.47.40 N","117.25.31 W",1998-08-18,7.9,11.6,NA,80,34,1998
"105","Monitoring Site 1","51.47.40 N","117.25.31 W",1998-09-14,10.3,4.8,NA,93,17,1998
"106","Monitoring Site 1","51.47.40 N","117.25.31 W",1998-10-09,10.5,4.6,NA,90,20,1998
"107","Monitoring Site 1","51.47.40 N","117.25.31 W",1998-11-04,10.9,2.5,NA,75,45,1998
"108","Monitoring Site 1","51.47.40 N","117.25.31 W",1998-12-15,11.9,1.5,NA,90,22,1998
"109","Monitoring Site 1","51.47.40 N","117.25.31 W",1999-01-12,11.9,1.5,NA,90,22,1999
"110","Monitoring Site 1","51.47.40 N","117.25.31 W",1999-02-01,11.9,1.5,NA,90,23,1999
"111","Monitoring Site 1","51.47.40 N","117.25.31 W",1999-03-15,11.9,1.5,NA,96,60,1999
"112","Monitoring Site 1","51.47.40 N","117.25.31 W",1999-04-12,10.3,6,NA,100,110,1999
"113","Monitoring Site 1","51.47.40 N","117.25.31 W",1999-05-11,10.3,6.5,NA,135,265,1999
"114","Monitoring Site 1","51.47.40 N","117.25.31 W",1999-06-15,7.8,12.6,NA,150,135,1999
"115","Monitoring Site 1","51.47.40 N","117.25.31 W",1999-07-08,6.4,16.2,NA,87,85,1999
"116","Monitoring Site 1","51.47.40 N","117.25.31 W",1999-08-18,7.9,11.8,NA,75,33,1999
"117","Monitoring Site 1","51.47.40 N","117.25.31 W",1999-09-14,10.3,4.9,NA,90,15,1999
"118","Monitoring Site 1","51.47.40 N","117.25.31 W",1999-10-09,10.3,4.6,NA,87,18,1999
"119","Monitoring Site 1","51.47.40 N","117.25.31 W",1999-11-04,10.9,2.6,NA,70,40,1999
"120","Monitoring Site 1","51.47.40 N","117.25.31 W",1999-12-15,11.7,1.8,NA,90,21,1999
"121","Monitoring Site 1","51.47.40 N","117.25.31 W",2000-01-14,11.8,1.5,NA,89,20,2000
"122","Monitoring Site 1","51.47.40 N","117.25.31 W",2000-02-01,11.7,1.8,NA,92,18,2000
"123","Monitoring Site 1","51.47.40 N","117.25.31 W",2000-03-15,11.7,1.8,NA,97,65,2000
"124","Monitoring Site 1","51.47.40 N","117.25.31 W",2000-04-12,9,7.2,NA,162,152,2000
"125","Monitoring Site 1","51.47.40 N","117.25.31 W",2000-05-11,7.5,13.2,NA,133,254,2000
"126","Monitoring Site 1","51.47.40 N","117.25.31 W",2000-06-15,8,12.2,NA,151,140,2000
"127","Monitoring Site 1","51.47.40 N","117.25.31 W",2000-07-08,10.3,5.2,NA,101,80,2000
"128","Monitoring Site 1","51.47.40 N","117.25.31 W",2000-08-18,10.3,5.2,NA,65,30,2000
"129","Monitoring Site 1","51.47.40 N","117.25.31 W",2000-09-14,11,3.1,NA,90,10,2000
"130","Monitoring Site 1","51.47.40 N","117.25.31 W",2000-10-09,11,3,NA,91,15,2000
"131","Monitoring Site 1","51.47.40 N","117.25.31 W",2000-11-04,10.9,2.6,NA,67,36,2000
"132","Monitoring Site 1","51.47.40 N","117.25.31 W",2000-12-15,11.7,1.9,NA,89,20,2000
"133","Monitoring Site 2","51.48.27N","117.21.27W",1990-01-15,12.5,1.61,NA,181.5,9180,1990
"134","Monitoring Site 2","51.48.27N","117.21.27W",1990-02-01,11.8,1.17,NA,62.5,7410,1990
"135","Monitoring Site 2","51.48.27N","117.21.27W",1990-03-15,11.8,2.33,NA,127.6,6100,1990
"136","Monitoring Site 2","51.48.27N","117.21.27W",1990-04-12,11.57,3.91,NA,177,12200,1990
"137","Monitoring Site 2","51.48.27N","117.21.27W",1990-05-11,7.89,11.35,NA,173.3,8000,1990
"138","Monitoring Site 2","51.48.27N","117.21.27W",1990-06-15,8.3,12.37,NA,99.1,13100,1990
"139","Monitoring Site 2","51.48.27N","117.21.27W",1990-07-08,9.69,18.16,NA,172.2,10000,1990
"140","Monitoring Site 2","51.48.27N","117.21.27W",1990-08-18,7.33,20.35,NA,176.9,9050,1990
"141","Monitoring Site 2","51.48.27N","117.21.27W",1990-09-14,8.85,14.23,NA,170.5,7950,1990
"142","Monitoring Site 2","51.48.27N","117.21.27W",1990-10-09,11.24,10.91,NA,179,12400,1990
"143","Monitoring Site 2","51.48.27N","117.21.27W",1990-11-04,10.3,6.52,NA,99.8,11000,1990
"144","Monitoring Site 2","51.48.27N","117.21.27W",1990-12-15,12.6,1.09,NA,171.2,8290,1990
"145","Monitoring Site 2","51.48.27N","117.21.27W",1991-01-10,12.5,1.62,NA,185.2,9000,1991
"146","Monitoring Site 2","51.48.27N","117.21.27W",1991-02-01,11.8,1.18,NA,62.5,7400,1991
"147","Monitoring Site 2","51.48.27N","117.21.27W",1991-03-15,11.8,2.4,NA,127.6,6000,1991
"148","Monitoring Site 2","51.48.27N","117.21.27W",1991-04-12,11.57,3.92,NA,177,12000,1991
"149","Monitoring Site 2","51.48.27N","117.21.27W",1991-05-11,7.89,11.4,NA,175.3,8100,1991
"150","Monitoring Site 2","51.48.27N","117.21.27W",1991-06-15,8.3,12.37,NA,99,13000,1991
"151","Monitoring Site 2","51.48.27N","117.21.27W",1991-07-08,9.69,18.17,NA,170,10050,1991
"152","Monitoring Site 2","51.48.27N","117.21.27W",1991-08-18,7.33,20.36,NA,176.9,9200,1991
"153","Monitoring Site 2","51.48.27N","117.21.27W",1991-09-14,8.85,14.24,NA,170.5,7900,1991
"154","Monitoring Site 2","51.48.27N","117.21.27W",1991-10-09,11.24,5.55,NA,185,12500,1991
"155","Monitoring Site 2","51.48.27N","117.21.27W",1991-11-04,10.3,5.63,NA,99.8,11200,1991
"156","Monitoring Site 2","51.48.27N","117.21.27W",1991-12-15,12.6,1.1,NA,171.2,8300,1991
"157","Monitoring Site 2","51.48.27N","117.21.27W",1992-01-17,12.5,1.65,NA,189,9500,1992
"158","Monitoring Site 2","51.48.27N","117.21.27W",1992-02-01,11.8,1.2,NA,62.5,7200,1992
"159","Monitoring Site 2","51.48.27N","117.21.27W",1992-03-15,11.8,2.6,NA,133.6,6100,1992
"160","Monitoring Site 2","51.48.27N","117.21.27W",1992-04-12,11.57,3.95,NA,177,12100,1992
"161","Monitoring Site 2","51.48.27N","117.21.27W",1992-05-11,7.89,11.5,NA,186,8000,1992
"162","Monitoring Site 2","51.48.27N","117.21.27W",1992-06-15,8.3,12.4,NA,99.1,13100,1992
"163","Monitoring Site 2","51.48.27N","117.21.27W",1992-07-08,9.69,18.19,NA,172.2,10000,1992
"164","Monitoring Site 2","51.48.27N","117.21.27W",1992-08-18,7.33,20.4,NA,180.3,9050,1992
"165","Monitoring Site 2","51.48.27N","117.21.27W",1992-09-14,8.85,12.3,NA,170.5,7950,1992
"166","Monitoring Site 2","51.48.27N","117.21.27W",1992-10-09,11.24,5.6,NA,179,12400,1992
"167","Monitoring Site 2","51.48.27N","117.21.27W",1992-11-04,10.3,5.67,NA,100.1,11000,1992
"168","Monitoring Site 2","51.48.27N","117.21.27W",1992-12-15,12.6,1.6,NA,171.2,8290,1992
"169","Monitoring Site 2","51.48.27N","117.21.27W",1993-01-12,12.4,1.68,NA,186.3,9100,1993
"170","Monitoring Site 2","51.48.27N","117.21.27W",1993-02-01,11.7,1.35,NA,69,7100,1993
"171","Monitoring Site 2","51.48.27N","117.21.27W",1993-03-15,11.6,2.8,NA,140.2,6300,1993
"172","Monitoring Site 2","51.48.27N","117.21.27W",1993-04-12,11.4,4.2,NA,183,12400,1993
"173","Monitoring Site 2","51.48.27N","117.21.27W",1993-05-11,7.8,11.6,NA,196.2,8300,1993
"174","Monitoring Site 2","51.48.27N","117.21.27W",1993-06-15,8.2,12.6,NA,89.2,13000,1993
"175","Monitoring Site 2","51.48.27N","117.21.27W",1993-07-08,9.56,18.3,NA,175,10290,1993
"176","Monitoring Site 2","51.48.27N","117.21.27W",1993-08-18,7.3,20.1,NA,176.9,9200,1993
"177","Monitoring Site 2","51.48.27N","117.21.27W",1993-09-14,8.8,12.5,NA,170.5,8100,1993
"178","Monitoring Site 2","51.48.27N","117.21.27W",1993-10-09,11.21,5.9,NA,179,12900,1993
"179","Monitoring Site 2","51.48.27N","117.21.27W",1993-11-04,10.1,6.2,NA,99.8,11000,1993
"180","Monitoring Site 2","51.48.27N","117.21.27W",1993-12-15,12.5,1.8,NA,173.6,8300,1993
"181","Monitoring Site 2","51.48.27N","117.21.27W",1994-01-14,12.2,1.71,NA,189.4,9180,1994
"182","Monitoring Site 2","51.48.27N","117.21.27W",1994-02-01,11.7,1.37,NA,68.7,7410,1994
"183","Monitoring Site 2","51.48.27N","117.21.27W",1994-03-15,11.5,2.9,NA,133.2,6100,1994
"184","Monitoring Site 2","51.48.27N","117.21.27W",1994-04-12,11.1,4.4,NA,177,12200,1994
"185","Monitoring Site 2","51.48.27N","117.21.27W",1994-05-11,7.4,11.8,NA,173.3,8000,1994
"186","Monitoring Site 2","51.48.27N","117.21.27W",1994-06-15,8,12.8,NA,99.1,13100,1994
"187","Monitoring Site 2","51.48.27N","117.21.27W",1994-07-08,9.5,19.1,NA,190.1,10000,1994
"188","Monitoring Site 2","51.48.27N","117.21.27W",1994-08-18,7.2,21.1,NA,180.5,9050,1994
"189","Monitoring Site 2","51.48.27N","117.21.27W",1994-09-14,8.4,12.8,NA,180.6,7950,1994
"190","Monitoring Site 2","51.48.27N","117.21.27W",1994-10-09,11.1,6.1,NA,169,12400,1994
"191","Monitoring Site 2","51.48.27N","117.21.27W",1994-11-04,10.1,6.2,NA,99.8,11000,1994
"192","Monitoring Site 2","51.48.27N","117.21.27W",1994-12-15,12.5,1.8,NA,171.2,8290,1994
"193","Monitoring Site 2","51.48.27N","117.21.27W",1995-01-17,12.2,1.75,NA,153,8100,1995
"194","Monitoring Site 2","51.48.27N","117.21.27W",1995-02-01,11.5,1.42,NA,61,9100,1995
"195","Monitoring Site 2","51.48.27N","117.21.27W",1995-03-15,11.2,3.1,NA,117,7400,1995
"196","Monitoring Site 2","51.48.27N","117.21.27W",1995-04-12,10.9,5.1,NA,157,6000,1995
"197","Monitoring Site 2","51.48.27N","117.21.27W",1995-05-11,7,12,NA,159.3,12100,1995
"198","Monitoring Site 2","51.48.27N","117.21.27W",1995-06-15,7.9,13,NA,88.1,7999,1995
"199","Monitoring Site 2","51.48.27N","117.21.27W",1995-07-08,9,20.1,NA,162.3,13000,1995
"200","Monitoring Site 2","51.48.27N","117.21.27W",1995-08-18,7,21.5,NA,166.9,9999,1995
"201","Monitoring Site 2","51.48.27N","117.21.27W",1995-09-14,7.8,13.1,NA,160.5,9000,1995
"202","Monitoring Site 2","51.48.27N","117.21.27W",1995-10-09,11,6.5,NA,159.5,7900,1995
"203","Monitoring Site 2","51.48.27N","117.21.27W",1995-11-04,9.9,6.4,NA,99.8,12100,1995
"204","Monitoring Site 2","51.48.27N","117.21.27W",1995-12-15,12.5,1.8,NA,171.2,10800,1995
"205","Monitoring Site 2","51.48.27N","117.21.27W",1996-01-11,12.2,1.81,NA,200.1,8100,1996
"206","Monitoring Site 2","51.48.27N","117.21.27W",1996-02-01,11.4,1.49,NA,88.2,9235,1996
"207","Monitoring Site 2","51.48.27N","117.21.27W",1996-03-15,11,3.5,NA,137.6,7450,1996
"208","Monitoring Site 2","51.48.27N","117.21.27W",1996-04-12,10.9,5.4,NA,185.1,6250,1996
"209","Monitoring Site 2","51.48.27N","117.21.27W",1996-05-11,7,12.5,NA,189.6,12150,1996
"210","Monitoring Site 2","51.48.27N","117.21.27W",1996-06-15,7.3,13.5,NA,101.2,8050,1996
"211","Monitoring Site 2","51.48.27N","117.21.27W",1996-07-08,9,20.5,NA,187.5,13140,1996
"212","Monitoring Site 2","51.48.27N","117.21.27W",1996-08-18,6.9,21.8,NA,186.5,10200,1996
"213","Monitoring Site 2","51.48.27N","117.21.27W",1996-09-14,7.6,13.4,NA,180.5,9130,1996
"214","Monitoring Site 2","51.48.27N","117.21.27W",1996-10-09,10.9,6.9,NA,189,8100,1996
"215","Monitoring Site 2","51.48.27N","117.21.27W",1996-11-04,9.9,6.4,NA,109.5,12300,1996
"216","Monitoring Site 2","51.48.27N","117.21.27W",1996-12-15,12,2,NA,181.2,10700,1996
"217","Monitoring Site 2","51.48.27N","117.21.27W",1997-01-09,12,1.9,NA,181.5,7100,1997
"218","Monitoring Site 2","51.48.27N","117.21.27W",1997-02-01,11.4,1.8,NA,62.5,9100,1997
"219","Monitoring Site 2","51.48.27N","117.21.27W",1997-03-15,10.9,3.7,NA,127.6,7350,1997
"220","Monitoring Site 2","51.48.27N","117.21.27W",1997-04-12,10.7,5.6,NA,177,6000,1997
"221","Monitoring Site 2","51.48.27N","117.21.27W",1997-05-11,7,13.1,NA,173.3,12000,1997
"222","Monitoring Site 2","51.48.27N","117.21.27W",1997-06-15,7,13.8,NA,99.1,8000,1997
"223","Monitoring Site 2","51.48.27N","117.21.27W",1997-07-08,8.9,21.6,NA,172.2,12000,1997
"224","Monitoring Site 2","51.48.27N","117.21.27W",1997-08-18,6.5,22,NA,176.9,10000,1997
"225","Monitoring Site 2","51.48.27N","117.21.27W",1997-09-14,7.4,14.2,NA,170.5,6000,1997
"226","Monitoring Site 2","51.48.27N","117.21.27W",1997-10-09,10.8,7,NA,179,8500,1997
"227","Monitoring Site 2","51.48.27N","117.21.27W",1997-11-04,9.4,6.8,NA,99.8,12000,1997
"228","Monitoring Site 2","51.48.27N","117.21.27W",1997-12-15,11.8,2.3,NA,171.2,9100,1997
"229","Monitoring Site 2","51.48.27N","117.21.27W",1998-01-18,11.9,2.1,NA,171.2,7120,1998
"230","Monitoring Site 2","51.48.27N","117.21.27W",1998-02-01,11.3,1.9,NA,52.5,9500,1998
"231","Monitoring Site 2","51.48.27N","117.21.27W",1998-03-15,10.9,3.9,NA,117.6,7250,1998
"232","Monitoring Site 2","51.48.27N","117.21.27W",1998-04-12,10.5,5.8,NA,157,5999,1998
"233","Monitoring Site 2","51.48.27N","117.21.27W",1998-05-11,6.9,13.5,NA,163.2,11999,1998
"234","Monitoring Site 2","51.48.27N","117.21.27W",1998-06-15,7,13.8,NA,89.1,9870,1998
"235","Monitoring Site 2","51.48.27N","117.21.27W",1998-07-08,8.8,21.8,NA,162.4,11000,1998
"236","Monitoring Site 2","51.48.27N","117.21.27W",1998-08-18,6.4,23,NA,176.9,9600,1998
"237","Monitoring Site 2","51.48.27N","117.21.27W",1998-09-14,7.2,14.5,NA,160.2,5700,1998
"238","Monitoring Site 2","51.48.27N","117.21.27W",1998-10-09,10.7,7.3,NA,169.1,7500,1998
"239","Monitoring Site 2","51.48.27N","117.21.27W",1998-11-04,9,7,NA,89.2,11200,1998
"240","Monitoring Site 2","51.48.27N","117.21.27W",1998-12-15,11.3,2.5,NA,151.2,8740,1998
"241","Monitoring Site 2","51.48.27N","117.21.27W",1999-01-12,11.9,2.3,NA,150.2,7000,1999
"242","Monitoring Site 2","51.48.27N","117.21.27W",1999-02-01,11,2.1,NA,52.2,9200,1999
"243","Monitoring Site 2","51.48.27N","117.21.27W",1999-03-15,10.7,4.1,NA,117.5,7000,1999
"244","Monitoring Site 2","51.48.27N","117.21.27W",1999-04-12,10,6,NA,220,5500,1999
"245","Monitoring Site 2","51.48.27N","117.21.27W",1999-05-11,6.5,13.8,NA,236.2,11300,1999
"246","Monitoring Site 2","51.48.27N","117.21.27W",1999-06-15,6.5,13.8,NA,89.1,9500,1999
"247","Monitoring Site 2","51.48.27N","117.21.27W",1999-07-08,8.5,22,NA,170.1,10400,1999
"248","Monitoring Site 2","51.48.27N","117.21.27W",1999-08-18,6.4,23.5,NA,156.3,8700,1999
"249","Monitoring Site 2","51.48.27N","117.21.27W",1999-09-14,7,14.8,NA,160.2,4800,1999
"250","Monitoring Site 2","51.48.27N","117.21.27W",1999-10-09,10.5,7.5,NA,159,6900,1999
"251","Monitoring Site 2","51.48.27N","117.21.27W",1999-11-04,8.8,7.5,NA,88,10780,1999
"252","Monitoring Site 2","51.48.27N","117.21.27W",1999-12-15,11,2.7,NA,154,8200,1999
"253","Monitoring Site 2","51.48.27N","117.21.27W",2000-01-14,11.9,2.3,NA,181.5,6800,2000
"254","Monitoring Site 2","51.48.27N","117.21.27W",2000-02-01,11,2.1,NA,62.5,9100,2000
"255","Monitoring Site 2","51.48.27N","117.21.27W",2000-03-15,10.7,4.1,NA,127.6,6800,2000
"256","Monitoring Site 2","51.48.27N","117.21.27W",2000-04-12,10,6,NA,177,4800,2000
"257","Monitoring Site 2","51.48.27N","117.21.27W",2000-05-11,6.3,14.2,NA,173.3,10450,2000
"258","Monitoring Site 2","51.48.27N","117.21.27W",2000-06-15,6,15.3,NA,99.1,8950,2000
"259","Monitoring Site 2","51.48.27N","117.21.27W",2000-07-08,8,22.5,NA,172.2,9700,2000
"260","Monitoring Site 2","51.48.27N","117.21.27W",2000-08-18,6,23.9,NA,176.9,7800,2000
"261","Monitoring Site 2","51.48.27N","117.21.27W",2000-09-14,6.9,15.2,NA,170.5,3780,2000
"262","Monitoring Site 2","51.48.27N","117.21.27W",2000-10-09,10.5,7.8,NA,179,5780,2000
"263","Monitoring Site 2","51.48.27N","117.21.27W",2000-11-04,8.8,7.5,NA,99.8,9650,2000
"264","Monitoring Site 2","51.48.27N","117.21.27W",2000-12-15,11,2.7,NA,171.2,75890,2000
"265","Monitoring Site 3","51.48.57N","117.20.21W",1990-01-15,11.54,4.17,NA,307,9180,1990
"266","Monitoring Site 3","51.48.57N","117.20.21W",1990-02-01,11.18,6.8,NA,273,7410,1990
"267","Monitoring Site 3","51.48.57N","117.20.21W",1990-03-15,11.1,6.9,NA,288,6100,1990
"268","Monitoring Site 3","51.48.57N","117.20.21W",1990-04-12,11.18,14.17,NA,273,12200,1990
"269","Monitoring Site 3","51.48.57N","117.20.21W",1990-05-11,8.84,14.17,NA,236,8000,1990
"270","Monitoring Site 3","51.48.57N","117.20.21W",1990-06-15,10.58,16.39,NA,236,13100,1990
"271","Monitoring Site 3","51.48.57N","117.20.21W",1990-07-08,10.54,16.39,NA,240,10000,1990
"272","Monitoring Site 3","51.48.57N","117.20.21W",1990-08-18,10.2,17.5,NA,230,9050,1990
"273","Monitoring Site 3","51.48.57N","117.20.21W",1990-09-14,10.3,17.2,NA,241,7950,1990
"274","Monitoring Site 3","51.48.57N","117.20.21W",1990-10-09,11.8,13.5,NA,236,12400,1990
"275","Monitoring Site 3","51.48.57N","117.20.21W",1990-11-04,11.8,6.5,NA,230,11000,1990
"276","Monitoring Site 3","51.48.57N","117.20.21W",1990-12-15,11.8,4,NA,263,8290,1990
"277","Monitoring Site 3","51.48.57N","117.20.21W",1991-01-10,11.54,4.15,NA,307,9000,1991
"278","Monitoring Site 3","51.49.05 N","117.20.01W",1991-02-01,11.18,6.8,NA,275,7400,1991
"279","Monitoring Site 3","51.49.05 N","117.20.01W",1991-03-15,11.1,6.9,NA,288,6000,1991
"280","Monitoring Site 3","51.49.05 N","117.20.01W",1991-04-12,11.18,14.17,NA,273,12000,1991
"281","Monitoring Site 3","51.49.05 N","117.20.01W",1991-05-11,8.84,14.12,NA,236,8100,1991
"282","Monitoring Site 3","51.49.05 N","117.20.01W",1991-06-15,10.58,16.39,NA,236,13000,1991
"283","Monitoring Site 3","51.49.05 N","117.20.01W",1991-07-08,10.54,16.39,NA,240,10050,1991
"284","Monitoring Site 3","51.49.05 N","117.20.01W",1991-08-18,10.2,17.3,NA,230,9200,1991
"285","Monitoring Site 3","51.49.05 N","117.20.01W",1991-09-14,10.3,17.2,NA,240,7900,1991
"286","Monitoring Site 3","51.49.05 N","117.20.01W",1991-10-09,11.8,13.7,NA,236,12500,1991
"287","Monitoring Site 3","51.49.05 N","117.20.01W",1991-11-04,11.8,6.2,NA,230,11200,1991
"288","Monitoring Site 3","51.49.05 N","117.20.01W",1991-12-15,11.8,3.7,NA,258,8300,1991
"289","Monitoring Site 3","51.49.05 N","117.20.01W",1992-01-17,11.8,4.2,NA,263,9500,1992
"290","Monitoring Site 3","51.49.05 N","117.20.01W",1992-02-01,11.54,4.15,NA,310,7200,1992
"291","Monitoring Site 3","51.49.05 N","117.20.01W",1992-03-15,11.18,6.9,NA,275,6100,1992
"292","Monitoring Site 3","51.49.05 N","117.20.01W",1992-04-12,11.1,6.8,NA,288,12100,1992
"293","Monitoring Site 3","51.49.05 N","117.20.01W",1992-05-11,11.18,14.2,NA,273,8000,1992
"294","Monitoring Site 3","51.49.05 N","117.20.01W",1992-06-15,8.84,14.3,NA,236,13100,1992
"295","Monitoring Site 3","51.49.05 N","117.20.01W",1992-07-08,10.58,16.4,NA,245,10000,1992
"296","Monitoring Site 3","51.49.05 N","117.20.01W",1992-08-18,10.54,16.39,NA,240,9050,1992
"297","Monitoring Site 3","51.49.05 N","117.20.01W",1992-09-14,10.2,17.3,NA,230,7950,1992
"298","Monitoring Site 3","51.49.05 N","117.20.01W",1992-10-09,10.3,13.7,NA,240,12400,1992
"299","Monitoring Site 3","51.49.05 N","117.20.01W",1992-11-04,11.8,6,NA,236,11000,1992
"300","Monitoring Site 3","51.49.05 N","117.20.01W",1992-12-15,11.8,6,NA,233,8290,1992
"301","Monitoring Site 3","51.49.05 N","117.20.01W",1993-01-12,11.8,3.8,NA,261,9100,1993
"302","Monitoring Site 3","51.49.05 N","117.20.01W",1993-02-01,11.8,3.8,NA,257,7100,1993
"303","Monitoring Site 3","51.49.05 N","117.20.01W",1993-03-15,11.8,4.2,NA,263,6300,1993
"304","Monitoring Site 3","51.49.05 N","117.20.01W",1993-04-12,11.5,4.3,NA,310,12400,1993
"305","Monitoring Site 3","51.49.05 N","117.20.01W",1993-05-11,11.18,6.8,NA,275,8300,1993
"306","Monitoring Site 3","51.49.05 N","117.20.01W",1993-06-15,11.1,6.8,NA,288,13000,1993
"307","Monitoring Site 3","51.49.05 N","117.20.01W",1993-07-08,11.18,14.2,NA,273,10290,1993
"308","Monitoring Site 3","51.49.05 N","117.20.01W",1993-08-18,8.84,14.3,NA,236,9200,1993
"309","Monitoring Site 3","51.49.05 N","117.20.01W",1993-09-14,10.58,16.4,NA,244,8100,1993
"310","Monitoring Site 3","51.49.05 N","117.20.01W",1993-10-09,10.54,13.1,NA,240,12900,1993
"311","Monitoring Site 3","51.49.05 N","117.20.01W",1993-11-04,10.2,6.2,NA,230,11000,1993
"312","Monitoring Site 3","51.49.05 N","117.20.01W",1993-12-15,10.3,5.3,NA,240,8300,1993
"313","Monitoring Site 3","51.49.05 N","117.20.01W",1994-01-14,11.8,3.8,NA,261,9180,1994
"314","Monitoring Site 3","51.49.05 N","117.20.01W",1994-02-01,11.8,3.8,NA,257,7410,1994
"315","Monitoring Site 3","51.49.05 N","117.20.01W",1994-03-15,11.8,4.3,NA,263,6100,1994
"316","Monitoring Site 3","51.49.05 N","117.20.01W",1994-04-12,11.3,4.6,NA,310,12200,1994
"317","Monitoring Site 3","51.49.05 N","117.20.01W",1994-05-11,11.18,6.8,NA,275,8000,1994
"318","Monitoring Site 3","51.49.05 N","117.20.01W",1994-06-15,11,6.9,NA,288,13100,1994
"319","Monitoring Site 3","51.49.05 N","117.20.01W",1994-07-08,11.1,14.6,NA,273,10000,1994
"320","Monitoring Site 3","51.49.05 N","117.20.01W",1994-08-18,8.8,14.8,NA,236,9050,1994
"321","Monitoring Site 3","51.49.05 N","117.20.01W",1994-09-14,10.58,16.4,NA,244,7950,1994
"322","Monitoring Site 3","51.49.05 N","117.20.01W",1994-10-09,10.54,16.5,NA,240,12400,1994
"323","Monitoring Site 3","51.49.05 N","117.20.01W",1994-11-04,10.2,17.3,NA,230,11000,1994
"324","Monitoring Site 3","51.49.05 N","117.20.01W",1994-12-15,10.3,17.1,NA,240,8290,1994
"325","Monitoring Site 3","51.49.05 N","117.20.01W",1995-01-17,11.8,3.8,NA,261,8100,1995
"326","Monitoring Site 3","51.49.05 N","117.20.01W",1995-02-01,11.8,3.8,NA,257,9100,1995
"327","Monitoring Site 3","51.49.05 N","117.20.01W",1995-03-15,11.8,4.2,NA,263,7400,1995
"328","Monitoring Site 3","51.49.05 N","117.20.01W",1995-04-12,11.5,4.3,NA,310,6000,1995
"329","Monitoring Site 3","51.49.05 N","117.20.01W",1995-05-11,11.18,6.8,NA,275,12100,1995
"330","Monitoring Site 3","51.49.05 N","117.20.01W",1995-06-15,11.1,6.8,NA,288,7999,1995
"331","Monitoring Site 3","51.49.05 N","117.20.01W",1995-07-08,11.18,14.2,NA,273,13000,1995
"332","Monitoring Site 3","51.49.05 N","117.20.01W",1995-08-18,8.84,14.3,NA,236,9999,1995
"333","Monitoring Site 3","51.49.05 N","117.20.01W",1995-09-14,10.58,16.4,NA,244,9000,1995
"334","Monitoring Site 3","51.49.05 N","117.20.01W",1995-10-09,9.6,13.8,NA,240,7900,1995
"335","Monitoring Site 3","51.49.05 N","117.20.01W",1995-11-04,10.8,6.4,NA,230,12100,1995
"336","Monitoring Site 3","51.49.05 N","117.20.01W",1995-12-15,10.9,4.1,NA,240,10800,1995
"337","Monitoring Site 3","51.49.05 N","117.20.01W",1996-01-11,11.8,4.2,NA,251,8100,1996
"338","Monitoring Site 3","51.49.05 N","117.20.01W",1996-02-01,11.6,4.4,NA,257,9235,1996
"339","Monitoring Site 3","51.49.05 N","117.20.01W",1996-03-15,11.2,4.6,NA,263,7450,1996
"340","Monitoring Site 3","51.49.05 N","117.20.01W",1996-04-12,11,5,NA,310,6250,1996
"341","Monitoring Site 3","51.49.05 N","117.20.01W",1996-05-11,10.95,7.21,NA,275,12150,1996
"342","Monitoring Site 3","51.49.05 N","117.20.01W",1996-06-15,10.94,7.5,NA,288,8050,1996
"343","Monitoring Site 3","51.49.05 N","117.20.01W",1996-07-08,10.6,15.2,NA,253,13140,1996
"344","Monitoring Site 3","51.49.05 N","117.20.01W",1996-08-18,8.5,15.8,NA,236,10200,1996
"345","Monitoring Site 3","51.49.05 N","117.20.01W",1996-09-14,10.58,16.4,NA,233,9130,1996
"346","Monitoring Site 3","51.49.05 N","117.20.01W",1996-10-09,9.6,13.8,NA,240,8100,1996
"347","Monitoring Site 3","51.49.05 N","117.20.01W",1996-11-04,10.8,6.4,NA,230,12300,1996
"348","Monitoring Site 3","51.49.05 N","117.20.01W",1996-12-15,10.9,4.1,NA,237,10700,1996
"349","Monitoring Site 3","51.49.05 N","117.20.01W",1997-01-09,11.8,4.2,NA,265.3,7100,1997
"350","Monitoring Site 3","51.49.05 N","117.20.01W",1997-02-01,11.4,4.68,NA,275.2,9100,1997
"351","Monitoring Site 3","51.49.05 N","117.20.01W",1997-03-15,11.2,4.6,NA,273,7350,1997
"352","Monitoring Site 3","51.49.05 N","117.20.01W",1997-04-12,10.98,5.6,NA,322,6000,1997
"353","Monitoring Site 3","51.49.05 N","117.20.01W",1997-05-11,10.9,7.5,NA,276,12000,1997
"354","Monitoring Site 3","51.49.05 N","117.20.01W",1997-06-15,10.94,7.5,NA,298,8000,1997
"355","Monitoring Site 3","51.49.05 N","117.20.01W",1997-07-08,10.2,15.8,NA,253,12000,1997
"356","Monitoring Site 3","51.49.05 N","117.20.01W",1997-08-18,8.3,16.2,NA,236,10000,1997
"357","Monitoring Site 3","51.49.05 N","117.20.01W",1997-09-14,10.58,16.4,NA,243,6000,1997
"358","Monitoring Site 3","51.49.05 N","117.20.01W",1997-10-09,9.6,13.8,NA,250,8500,1997
"359","Monitoring Site 3","51.49.05 N","117.20.01W",1997-11-04,10.8,6.4,NA,237,12000,1997
"360","Monitoring Site 3","51.49.05 N","117.20.01W",1997-12-15,10.9,4.3,NA,227,9100,1997
"361","Monitoring Site 3","51.49.05 N","117.20.01W",1998-01-18,11.8,4.3,NA,255.3,7120,1998
"362","Monitoring Site 3","51.49.05 N","117.20.01W",1998-02-01,11.4,4.71,NA,265.4,9500,1998
"363","Monitoring Site 3","51.49.05 N","117.20.01W",1998-03-15,11.2,4.8,NA,276.3,7250,1998
"364","Monitoring Site 3","51.49.05 N","117.20.01W",1998-04-12,10.98,5.6,NA,333,5999,1998
"365","Monitoring Site 3","51.49.05 N","117.20.01W",1998-05-11,10.9,7.6,NA,278,11999,1998
"366","Monitoring Site 3","51.49.05 N","117.20.01W",1998-06-15,10.9,7.75,NA,298,9870,1998
"367","Monitoring Site 3","51.49.05 N","117.20.01W",1998-07-08,10.1,16.1,NA,243,11000,1998
"368","Monitoring Site 3","51.49.05 N","117.20.01W",1998-08-18,8.2,16.2,NA,236,9600,1998
"369","Monitoring Site 3","51.49.05 N","117.20.01W",1998-09-14,10.5,16.4,NA,243,5700,1998
"370","Monitoring Site 3","51.49.05 N","117.20.01W",1998-10-09,9.5,14.23,NA,250,7500,1998
"371","Monitoring Site 3","51.49.05 N","117.20.01W",1998-11-04,10.8,6.5,NA,231,11200,1998
"372","Monitoring Site 3","51.49.05 N","117.20.01W",1998-12-15,10.9,4.3,NA,221,8740,1998
"373","Monitoring Site 3","51.49.05 N","117.20.01W",1999-01-12,11,4.8,NA,281,7000,1999
"374","Monitoring Site 3","51.49.05 N","117.20.01W",1999-02-01,10.99,4.81,NA,276,9200,1999
"375","Monitoring Site 3","51.49.05 N","117.20.01W",1999-03-15,11.2,4.8,NA,266,7000,1999
"376","Monitoring Site 3","51.49.05 N","117.20.01W",1999-04-12,10.9,5.8,NA,353,5500,1999
"377","Monitoring Site 3","51.49.05 N","117.20.01W",1999-05-11,10.8,7.6,NA,298,11300,1999
"378","Monitoring Site 3","51.49.05 N","117.20.01W",1999-06-15,10.7,7.75,NA,299,9500,1999
"379","Monitoring Site 3","51.49.05 N","117.20.01W",1999-07-08,9.8,16.1,NA,244,10400,1999
"380","Monitoring Site 3","51.49.05 N","117.20.01W",1999-08-18,8.2,16.2,NA,226,8700,1999
"381","Monitoring Site 3","51.49.05 N","117.20.01W",1999-09-14,8,16.4,NA,233,4800,1999
"382","Monitoring Site 3","51.49.05 N","117.20.01W",1999-10-09,9.1,14.23,NA,241,6900,1999
"383","Monitoring Site 3","51.49.05 N","117.20.01W",1999-11-04,10.7,6.5,NA,231,10780,1999
"384","Monitoring Site 3","51.49.05 N","117.20.01W",1999-12-15,10.9,4.3,NA,233,8200,1999
"385","Monitoring Site 3","51.49.05 N","117.20.01W",2000-01-14,10.8,5,NA,287,6800,2000
"386","Monitoring Site 3","51.49.05 N","117.20.01W",2000-02-01,10.8,4.92,NA,281,9100,2000
"387","Monitoring Site 3","51.49.05 N","117.20.01W",2000-03-15,10.7,4.95,NA,266,6800,2000
"388","Monitoring Site 3","51.49.05 N","117.20.01W",2000-04-12,10.6,5.8,NA,357,4800,2000
"389","Monitoring Site 3","51.49.05 N","117.20.01W",2000-05-11,10.8,7.6,NA,302,10450,2000
"390","Monitoring Site 3","51.49.05 N","117.20.01W",2000-06-15,10.7,7.75,NA,299,8950,2000
"391","Monitoring Site 3","51.49.05 N","117.20.01W",2000-07-08,9.4,16.5,NA,244,9700,2000
"392","Monitoring Site 3","51.49.05 N","117.20.01W",2000-08-18,8.2,17,NA,227,7800,2000
"393","Monitoring Site 3","51.49.05 N","117.20.01W",2000-09-14,8.4,16.9,NA,233,3780,2000
"394","Monitoring Site 3","51.49.05 N","117.20.01W",2000-10-09,9.1,14.23,NA,241,5780,2000
"395","Monitoring Site 3","51.49.05 N","117.20.01W",2000-11-04,10.7,6.5,NA,231,9650,2000
"396","Monitoring Site 3","51.49.05 N","117.20.01W",2000-12-15,10.8,4.7,NA,237,75890,2000
"397","Monitoring Site 4","51.47.47N","117.22.44W",1990-01-15,11.8,4,NA,115.1,NA,1990
"398","Monitoring Site 4","51.47.47N","117.22.44W",1990-02-01,11.8,4,NA,115.2,NA,1990
"399","Monitoring Site 4","51.47.47N","117.22.44W",1990-03-15,11.8,4,NA,115.1,NA,1990
"400","Monitoring Site 4","51.47.47N","117.22.44W",1990-04-12,11.2,5.6,NA,117.3,NA,1990
"401","Monitoring Site 4","51.47.47N","117.22.44W",1990-05-11,10.8,8.62,NA,139.6,NA,1990
"402","Monitoring Site 4","51.47.47N","117.22.44W",1990-06-15,8.87,14.17,NA,127.2,NA,1990
"403","Monitoring Site 4","51.47.47N","117.22.44W",1990-07-08,8.89,16.8,NA,127.5,NA,1990
"404","Monitoring Site 4","51.47.47N","117.22.44W",1990-08-18,11.1,10.98,NA,126,NA,1990
"405","Monitoring Site 4","51.47.47N","117.22.44W",1990-09-14,7.76,10.73,NA,96.4,NA,1990
"406","Monitoring Site 4","51.47.47N","117.22.44W",1990-10-09,9.08,14.71,NA,165.1,NA,1990
"407","Monitoring Site 4","51.47.47N","117.22.44W",1990-11-04,10.8,8.9,NA,125,NA,1990
"408","Monitoring Site 4","51.47.47N","117.22.44W",1990-12-15,11.4,5.2,NA,127,NA,1990
"409","Monitoring Site 4","51.47.47N","117.22.44W",1991-01-10,11.8,4,NA,115.1,NA,1991
"410","Monitoring Site 4","51.47.47N","117.22.44W",1991-02-01,11.8,4,NA,115.2,NA,1991
"411","Monitoring Site 4","51.47.47N","117.22.44W",1991-03-15,11.8,4,NA,115.1,NA,1991
"412","Monitoring Site 4","51.47.47N","117.22.44W",1991-04-12,11.2,5.6,NA,117.3,NA,1991
"413","Monitoring Site 4","51.47.47N","117.22.44W",1991-05-11,10.8,8.62,NA,139.6,NA,1991
"414","Monitoring Site 4","51.47.47N","117.22.44W",1991-06-15,8.87,14.17,NA,127.2,NA,1991
"415","Monitoring Site 4","51.47.47N","117.22.44W",1991-07-08,8.89,16.8,NA,127.5,NA,1991
"416","Monitoring Site 4","51.47.47N","117.22.44W",1991-08-18,11.1,10.98,NA,126,NA,1991
"417","Monitoring Site 4","51.47.47N","117.22.44W",1991-09-14,7.76,10.73,NA,96.4,NA,1991
"418","Monitoring Site 4","51.47.47N","117.22.44W",1991-10-09,9.08,14.71,NA,165.1,NA,1991
"419","Monitoring Site 4","51.47.47N","117.22.44W",1991-11-04,10.8,8.9,NA,125,NA,1991
"420","Monitoring Site 4","51.47.47N","117.22.44W",1991-12-15,11.4,5.2,NA,127,NA,1991
"421","Monitoring Site 4","51.47.47N","117.22.44W",1992-01-17,11.8,4,NA,115.1,NA,1992
"422","Monitoring Site 4","51.47.47N","117.22.44W",1992-02-01,11.8,4,NA,115.2,NA,1992
"423","Monitoring Site 4","51.47.47N","117.22.44W",1992-03-15,11.8,4,NA,115.1,NA,1992
"424","Monitoring Site 4","51.47.47N","117.22.44W",1992-04-12,11.2,5.6,NA,117.3,NA,1992
"425","Monitoring Site 4","51.47.47N","117.22.44W",1992-05-11,10.8,8.62,NA,139.6,NA,1992
"426","Monitoring Site 4","51.47.47N","117.22.44W",1992-06-15,8.87,14.17,NA,127.2,NA,1992
"427","Monitoring Site 4","51.47.47N","117.22.44W",1992-07-08,8.89,16.8,NA,127.5,NA,1992
"428","Monitoring Site 4","51.47.47N","117.22.44W",1992-08-18,11.1,10.98,NA,126,NA,1992
"429","Monitoring Site 4","51.47.47N","117.22.44W",1992-09-14,7.76,10.73,NA,96.4,NA,1992
"430","Monitoring Site 4","51.47.47N","117.22.44W",1992-10-09,9.08,14.71,NA,165.1,NA,1992
"431","Monitoring Site 4","51.47.47N","117.22.44W",1992-11-04,10.8,8.9,NA,125,NA,1992
"432","Monitoring Site 4","51.47.47N","117.22.44W",1992-12-15,11.4,5.2,NA,127,NA,1992
"433","Monitoring Site 4","51.47.47N","117.22.44W",1993-01-12,11.8,4,NA,115.1,NA,1993
"434","Monitoring Site 4","51.47.47N","117.22.44W",1993-02-01,11.8,4,NA,115.2,NA,1993
"435","Monitoring Site 4","51.47.47N","117.22.44W",1993-03-15,11.8,4,NA,115.1,NA,1993
"436","Monitoring Site 4","51.47.47N","117.22.44W",1993-04-12,11.2,5.6,NA,117.3,NA,1993
"437","Monitoring Site 4","51.47.47N","117.22.44W",1993-05-11,10.8,8.62,NA,139.6,NA,1993
"438","Monitoring Site 4","51.47.47N","117.22.44W",1993-06-15,8.6,14.23,NA,127.2,NA,1993
"439","Monitoring Site 4","51.47.47N","117.22.44W",1993-07-08,8.3,16.9,NA,127.5,NA,1993
"440","Monitoring Site 4","51.47.47N","117.22.44W",1993-08-18,11,11.2,NA,126,NA,1993
"441","Monitoring Site 4","51.47.47N","117.22.44W",1993-09-14,7.7,11.24,NA,96.4,NA,1993
"442","Monitoring Site 4","51.47.47N","117.22.44W",1993-10-09,9,14.71,NA,165.1,NA,1993
"443","Monitoring Site 4","51.47.47N","117.22.44W",1993-11-04,10.6,8.9,NA,125,NA,1993
"444","Monitoring Site 4","51.47.47N","117.22.44W",1993-12-15,11.2,5.2,NA,127,NA,1993
"445","Monitoring Site 4","51.47.47N","117.22.44W",1994-01-14,11.8,4,NA,115.1,NA,1994
"446","Monitoring Site 4","51.47.47N","117.22.44W",1994-02-01,11.8,4,NA,115.2,NA,1994
"447","Monitoring Site 4","51.47.47N","117.22.44W",1994-03-15,11.8,4,NA,115.1,NA,1994
"448","Monitoring Site 4","51.47.47N","117.22.44W",1994-04-12,11.2,5.6,NA,117.3,NA,1994
"449","Monitoring Site 4","51.47.47N","117.22.44W",1994-05-11,10.8,8.62,NA,139.6,NA,1994
"450","Monitoring Site 4","51.47.47N","117.22.44W",1994-06-15,8.6,14.3,NA,127.2,NA,1994
"451","Monitoring Site 4","51.47.47N","117.22.44W",1994-07-08,8.3,16.4,NA,127.5,NA,1994
"452","Monitoring Site 4","51.47.47N","117.22.44W",1994-08-18,11,11.4,NA,126,NA,1994
"453","Monitoring Site 4","51.47.47N","117.22.44W",1994-09-14,7.7,11.3,NA,96.4,NA,1994
"454","Monitoring Site 4","51.47.47N","117.22.44W",1994-10-09,9,14.7,NA,165.1,NA,1994
"455","Monitoring Site 4","51.47.47N","117.22.44W",1994-11-04,10.6,8.9,NA,125,NA,1994
"456","Monitoring Site 4","51.47.47N","117.22.44W",1994-12-15,11.2,5.2,NA,127,NA,1994
"457","Monitoring Site 4","51.47.47N","117.22.44W",1995-01-17,11.8,4,NA,115.1,NA,1995
"458","Monitoring Site 4","51.47.47N","117.22.44W",1995-02-01,11.8,4,NA,115.2,NA,1995
"459","Monitoring Site 4","51.47.47N","117.22.44W",1995-03-15,11.8,4,NA,115.1,NA,1995
"460","Monitoring Site 4","51.47.47N","117.22.44W",1995-04-12,11.2,5.6,NA,117.3,NA,1995
"461","Monitoring Site 4","51.47.47N","117.22.44W",1995-05-11,10.7,8.8,NA,139.6,NA,1995
"462","Monitoring Site 4","51.47.47N","117.22.44W",1995-06-15,8.2,14.4,NA,127.2,NA,1995
"463","Monitoring Site 4","51.47.47N","117.22.44W",1995-07-08,8.1,16.2,NA,127.5,NA,1995
"464","Monitoring Site 4","51.47.47N","117.22.44W",1995-08-18,6.8,22.4,NA,126,NA,1995
"465","Monitoring Site 4","51.47.47N","117.22.44W",1995-09-14,11,11.58,NA,96.4,NA,1995
"466","Monitoring Site 4","51.47.47N","117.22.44W",1995-10-09,8.9,14.8,NA,165.1,NA,1995
"467","Monitoring Site 4","51.47.47N","117.22.44W",1995-11-04,10.6,8.9,NA,125,NA,1995
"468","Monitoring Site 4","51.47.47N","117.22.44W",1995-12-15,11.2,5.2,NA,127,NA,1995
"469","Monitoring Site 4","51.47.47N","117.22.44W",1996-01-11,11.8,4,NA,115.1,NA,1996
"470","Monitoring Site 4","51.47.47N","117.22.44W",1996-02-01,11.8,4,NA,115.2,NA,1996
"471","Monitoring Site 4","51.47.47N","117.22.44W",1996-03-15,11.8,4,NA,115.1,NA,1996
"472","Monitoring Site 4","51.47.47N","117.22.44W",1996-04-12,11.2,5.6,NA,117.3,NA,1996
"473","Monitoring Site 4","51.47.47N","117.22.44W",1996-05-11,10.8,8.62,NA,139.6,NA,1996
"474","Monitoring Site 4","51.47.47N","117.22.44W",1996-06-15,8.6,14.23,NA,127.2,NA,1996
"475","Monitoring Site 4","51.47.47N","117.22.44W",1996-07-08,8.3,16.9,NA,127.5,NA,1996
"476","Monitoring Site 4","51.47.47N","117.22.44W",1996-08-18,11,11.2,NA,126,NA,1996
"477","Monitoring Site 4","51.47.47N","117.22.44W",1996-09-14,7.7,11.24,NA,96.4,NA,1996
"478","Monitoring Site 4","51.47.47N","117.22.44W",1996-10-09,9,14.71,NA,165.1,NA,1996
"479","Monitoring Site 4","51.47.47N","117.22.44W",1996-11-04,10.6,8.9,NA,125,NA,1996
"480","Monitoring Site 4","51.47.47N","117.22.44W",1996-12-15,11.2,5.2,NA,127,NA,1996
"481","Monitoring Site 4","51.47.47N","117.22.44W",1997-01-09,11.8,4,NA,115.1,NA,1997
"482","Monitoring Site 4","51.47.47N","117.22.44W",1997-02-01,11.8,4,NA,115.2,NA,1997
"483","Monitoring Site 4","51.47.47N","117.22.44W",1997-03-15,11.8,4,NA,115.1,NA,1997
"484","Monitoring Site 4","51.47.47N","117.22.44W",1997-04-12,11.2,5.6,NA,117.3,NA,1997
"485","Monitoring Site 4","51.47.47N","117.22.44W",1997-05-11,10.8,8.62,NA,139.6,NA,1997
"486","Monitoring Site 4","51.47.47N","117.22.44W",1997-06-15,8.6,14.23,NA,127.2,NA,1997
"487","Monitoring Site 4","51.47.47N","117.22.44W",1997-07-08,8.3,16.9,NA,127.5,NA,1997
"488","Monitoring Site 4","51.47.47N","117.22.44W",1997-08-18,11,11.2,NA,126,NA,1997
"489","Monitoring Site 4","51.47.47N","117.22.44W",1997-09-14,7.7,11.24,NA,96.4,NA,1997
"490","Monitoring Site 4","51.47.47N","117.22.44W",1997-10-09,9,14.71,NA,165.1,NA,1997
"491","Monitoring Site 4","51.47.47N","117.22.44W",1997-11-04,10.6,8.9,NA,125,NA,1997
"492","Monitoring Site 4","51.47.47N","117.22.44W",1997-12-15,11.2,5.2,NA,127,NA,1997
"493","Monitoring Site 4","51.47.47N","117.22.44W",1998-01-18,11.8,4,NA,115.1,NA,1998
"494","Monitoring Site 4","51.47.47N","117.22.44W",1998-02-01,11.8,4,NA,115.2,NA,1998
"495","Monitoring Site 4","51.47.47N","117.22.44W",1998-03-15,11.8,4,NA,115.1,NA,1998
"496","Monitoring Site 4","51.47.47N","117.22.44W",1998-04-12,11.2,5.6,NA,117.3,NA,1998
"497","Monitoring Site 4","51.47.47N","117.22.44W",1998-05-11,10.8,8.62,NA,139.6,NA,1998
"498","Monitoring Site 4","51.47.47N","117.22.44W",1998-06-15,8.6,14.23,NA,127.2,NA,1998
"499","Monitoring Site 4","51.47.47N","117.22.44W",1998-07-08,8.3,16.9,NA,127.5,NA,1998
"500","Monitoring Site 4","51.47.47N","117.22.44W",1998-08-18,11,11.2,NA,126,NA,1998
"501","Monitoring Site 4","51.47.47N","117.22.44W",1998-09-14,7.7,11.24,NA,96.4,NA,1998
"502","Monitoring Site 4","51.47.47N","117.22.44W",1998-10-09,9,14.71,NA,165.1,NA,1998
"503","Monitoring Site 4","51.47.47N","117.22.44W",1998-11-04,10.6,8.9,NA,125,NA,1998
"504","Monitoring Site 4","51.47.47N","117.22.44W",1998-12-15,11.2,5.2,NA,127,NA,1998
"505","Monitoring Site 4","51.47.47N","117.22.44W",1999-01-12,11.8,4,NA,115.1,NA,1999
"506","Monitoring Site 4","51.47.47N","117.22.44W",1999-02-01,11.8,4,NA,115.2,NA,1999
"507","Monitoring Site 4","51.47.47N","117.22.44W",1999-03-15,11.8,4,NA,115.1,NA,1999
"508","Monitoring Site 4","51.47.47N","117.22.44W",1999-04-12,11.2,5.6,NA,117.3,NA,1999
"509","Monitoring Site 4","51.47.47N","117.22.44W",1999-05-11,10.8,8.62,NA,139.6,NA,1999
"510","Monitoring Site 4","51.47.47N","117.22.44W",1999-06-15,8.6,14.23,NA,127.2,NA,1999
"511","Monitoring Site 4","51.47.47N","117.22.44W",1999-07-08,8.3,16.9,NA,127.5,NA,1999
"512","Monitoring Site 4","51.47.47N","117.22.44W",1999-08-18,11,11.2,NA,126,NA,1999
"513","Monitoring Site 4","51.47.47N","117.22.44W",1999-09-14,7.7,11.24,NA,96.4,NA,1999
"514","Monitoring Site 4","51.47.47N","117.22.44W",1999-10-09,9,14.71,NA,165.1,NA,1999
"515","Monitoring Site 4","51.47.47N","117.22.44W",1999-11-04,10.6,8.9,NA,125,NA,1999
"516","Monitoring Site 4","51.47.47N","117.22.44W",1999-12-15,11.2,5.2,NA,127,NA,1999
"517","Monitoring Site 4","51.47.47N","117.22.44W",2000-01-14,11.8,4,NA,115.1,NA,2000
"518","Monitoring Site 4","51.47.47N","117.22.44W",2000-02-01,11.8,4,NA,115.2,NA,2000
"519","Monitoring Site 4","51.47.47N","117.22.44W",2000-03-15,11.8,4,NA,115.1,NA,2000
"520","Monitoring Site 4","51.47.47N","117.22.44W",2000-04-12,11.2,5.6,NA,117.3,NA,2000
"521","Monitoring Site 4","51.47.47N","117.22.44W",2000-05-11,10.8,8.62,NA,139.6,NA,2000
"522","Monitoring Site 4","51.47.47N","117.22.44W",2000-06-15,8.6,14.23,NA,127.2,NA,2000
"523","Monitoring Site 4","51.47.47N","117.22.44W",2000-07-08,8.3,17.1,NA,127.5,NA,2000
"524","Monitoring Site 4","51.47.47N","117.22.44W",2000-08-18,7.6,18.2,NA,126,NA,2000
"525","Monitoring Site 4","51.47.47N","117.22.44W",2000-09-14,7.8,16.5,NA,96.4,NA,2000
"526","Monitoring Site 4","51.47.47N","117.22.44W",2000-10-09,9,14.71,NA,165.1,NA,2000
"527","Monitoring Site 4","51.47.47N","117.22.44W",2000-11-04,10.6,8.9,NA,125,NA,2000
"528","Monitoring Site 4","51.47.47N","117.22.44W",2000-12-15,11.2,5.2,NA,127,NA,2000
"529","Monitoring Site 5","51.49.36N","117.23.33W",1990-05-15,11.61,2.62,NA,29.3,15.7,1990
"530","Monitoring Site 5","51.49.36N","117.23.33W",1990-07-12,10.52,7.92,NA,45.7,52.3,1990
"531","Monitoring Site 5","51.49.36N","117.23.33W",1990-09-15,11.84,6.8,NA,39.2,75,1990
"532","Monitoring Site 5","51.49.36N","117.23.33W",1991-05-08,11.6,2.63,NA,29.3,15.9,1991
"533","Monitoring Site 5","51.49.36N","117.23.33W",1991-07-12,10.53,7.9,NA,45.7,55,1991
"534","Monitoring Site 5","51.49.36N","117.23.33W",1991-09-10,11.82,6.5,NA,39.2,14,1991
"535","Monitoring Site 5","51.49.36N","117.23.33W",1992-05-13,11.7,2.55,NA,31.2,16.2,1992
"536","Monitoring Site 5","51.49.36N","117.23.33W",1992-07-12,10.6,7.8,NA,46.2,53,1992
"537","Monitoring Site 5","51.49.36N","117.23.33W",1992-09-14,11.9,6.3,NA,41.3,77,1992
"538","Monitoring Site 5","51.49.36N","117.23.33W",1993-05-16,11.61,2.5,NA,29.3,15.5,1993
"539","Monitoring Site 5","51.49.36N","117.23.33W",1993-07-13,10.52,7.8,NA,45.7,52.3,1993
"540","Monitoring Site 5","51.49.36N","117.23.33W",1993-09-18,11.84,6.5,NA,39.2,75,1993
"541","Monitoring Site 5","51.49.36N","117.23.33W",1994-05-08,11.6,2.7,NA,28.2,16.2,1994
"542","Monitoring Site 5","51.49.36N","117.23.33W",1994-07-08,10.5,8.1,NA,46.3,53.1,1994
"543","Monitoring Site 5","51.49.36N","117.23.33W",1994-09-08,11.81,7.9,NA,41.7,74,1994
"544","Monitoring Site 5","51.49.36N","117.23.33W",1995-05-15,11.5,2.8,NA,28.2,15.2,1995
"545","Monitoring Site 5","51.49.36N","117.23.33W",1995-07-11,10.3,8.2,NA,46.3,51.7,1995
"546","Monitoring Site 5","51.49.36N","117.23.33W",1995-09-11,11.6,7.9,NA,41.7,71,1995
"547","Monitoring Site 5","51.49.36N","117.23.33W",1996-05-06,11.5,2.8,NA,31.2,18.2,1996
"548","Monitoring Site 5","51.49.36N","117.23.33W",1996-07-12,10.3,8.3,NA,51.2,63.7,1996
"549","Monitoring Site 5","51.49.36N","117.23.33W",1996-09-14,11.6,7.8,NA,53.2,81,1996
"550","Monitoring Site 5","51.49.36N","117.23.33W",1997-05-14,11.4,3.1,NA,28.7,18.2,1997
"551","Monitoring Site 5","51.49.36N","117.23.33W",1997-07-27,10.2,8.5,NA,49.5,63.7,1997
"552","Monitoring Site 5","51.49.36N","117.23.33W",1997-09-20,11.4,7.9,NA,51,81,1997
"553","Monitoring Site 5","51.49.36N","117.23.33W",1998-05-18,11.4,3.1,NA,28.7,18.2,1998
"554","Monitoring Site 5","51.49.36N","117.23.33W",1998-07-14,10.2,8.5,NA,49.5,63.7,1998
"555","Monitoring Site 5","51.49.36N","117.23.33W",1998-09-15,11.4,7.9,NA,51,81,1998
"556","Monitoring Site 5","51.49.36N","117.23.33W",1999-05-14,11.2,3.5,NA,28.7,17.2,1999
"557","Monitoring Site 5","51.49.36N","117.23.33W",1999-07-15,10,8.8,NA,49.5,57,1999
"558","Monitoring Site 5","51.49.36N","117.23.33W",1999-09-14,11,7.9,NA,51,71,1999
"559","Monitoring Site 5","51.49.36N","117.23.33W",2000-05-12,11,3.6,NA,28.7,16.3,2000
"560","Monitoring Site 5","51.49.36N","117.23.33W",2000-07-15,9.8,8.8,NA,49.5,54,2000
"561","Monitoring Site 5","51.49.36N","117.23.33W",2000-09-16,11,7.92,NA,51,68,2000
